PostId,Label,Description
55867406,1,Undefined behaviour
1966096,3,Memory leak
54616090,1,Undefined behaviour
20789277,1,Undefined behaviour
32219177,2,Null-terminated string issue
21653558,1,Undefined behaviour
784455,1,Undefined behaviour
11980875,3,Memory leak
122974,1,Undefined behaviour
13906020,3,Memory leak
8245349,1,Undefined behaviour
37486697,3,Memory leak
6006898,1,Undefined behaviour
42596507,3,Memory leak
9404579,3,Memory leak
7975087,1,Undefined behaviour
35711176,3,Memory leak
7098580,3,Memory leak
2552050,8,Others
962806,3,Memory leak
34423041,3,Memory leak
55900454,1,Undefined behaviour
66652507,3,Memory leak
20576606,3,Memory leak
51579241,3,Memory leak
9498997,8,Others
19669367,3,Memory leak
659892,4,Buffer overflow
58192332,2,Null-terminated string issue
34695630,3,Memory leak
6248913,5,Initialization issue
27736529,3,Memory leak
19235288,4,Buffer overflow
40620511,4,Buffer overflow
63373815,3,Memory leak
20480515,8,Others
32680454,5,Initialization issue
25233929,3,Memory leak
28045864,3,Memory leak
31113777,3,Memory leak
27673141,3,Memory leak
31060535,3,Memory leak
19409495,3,Memory leak
18580070,3,Memory leak
32674422,8,Others
46840443,8,Others
13023880,1,Undefined behaviour
29874831,3,Memory leak
53688989,2,Null-terminated string issue
11532975,2,Null-terminated string issue
14922433,8,Others
63668944,2,Null-terminated string issue
18670321,4,Buffer overflow
62118709,3,Memory leak
46873470,1,Undefined behaviour
5262177,2,Null-terminated string issue
11735916,8,Others
33053581,8,Others
27921435,2,Null-terminated string issue
314422,3,Memory leak
14883929,3,Memory leak
68090980,3,Memory leak
26090603,2,Null-terminated string issue
17667219,3,Memory leak
26221725,3,Memory leak
29408476,2,Null-terminated string issue
53130470,1,Undefined behaviour
32609592,8,Others
35800385,3,Memory leak
48848202,8,Others
42036584,1,Undefined behaviour
9665918,3,Memory leak
17458577,2,Null-terminated string issue
13688254,3,Memory leak
3464656,3,Memory leak
1258971,8,Others
6782480,8,Others
55293507,1,Undefined behaviour
3501681,3,Memory leak
700018,4,Buffer overflow
779960,6,Infinite loop
34299580,3,Memory leak
50032377,3,Memory leak
9574147,3,Memory leak
31303445,4,Buffer overflow
122721,1,Undefined behaviour
24899425,3,Memory leak
56205167,8,Others
15497102,5,Initialization issue
29577105,3,Memory leak
10741694,3,Memory leak
10614739,3,Memory leak
1621973,8,Others
31504348,8,Others